{
    "version": "0.2.0",
    "configurations": [
    
    
        {
            "name": "LaunchGo",
            "type": "go",
            "request": "launch",
            "mode": "auto",
            "remotePath": "",
            "port": 5546,
            "host": "127.0.0.1",
            "program": "${fileDirname}",
            "env": {
                "GOPATH": "E:/LearnGo",
                "GOROOT": "D:/Go_Dir"
            },
            "args": [],
            //"showLog": true
        }
    ]
}
